 LHS , RHS , FIRST , FOLLOW , PREDICT 
" Program "," BlockStmt "," { "," (eof) "," { "
" BlockStmt "," { VarDecl Stmt } "," { "," (eof) id break continue else if print println scan while { } "," { "
" VarDecl "," int VarDeclNum id VarDeclId ; VarDecl "," (null) int "," id break continue if print println scan while { } "," int "
," (null) ",,," id break continue if print println scan while { } "
" VarDeclNum "," [ num ] VarDeclNum "," (null) [ "," id "," [ "
," (null) ",,," id "
" VarDeclId "," , id VarDeclId "," (null) , "," ; "," , "
," (null) ",,," ; "
" Var "," id VarArithExpr "," id "," != && ) * + , - / ; < <= = == > >= ] || "," id "
" VarArithExpr "," [ ArithExpr ] VarArithExpr "," (null) [ "," != && ) * + , - / ; < <= = == > >= ] || "," [ "
," (null) ",,," != && ) * + , - / ; < <= = == > >= ] || "
" Stmt "," Var = ArithExpr ; Stmt "," (null) id break continue if print println scan while { "," } "," id "
," if ( LogicExpr ) BlockStmt StmtElse Stmt ",,," if "
," while ( LogicExpr ) BlockStmt Stmt ",,," while "
," break ; Stmt ",,," break "
," continue ; Stmt ",,," continue "
," scan ( Var StmtVar ) ; Stmt ",,," scan "
," print ( PrintableExpr StmtPrintableExpr ) ; Stmt ",,," print "
," println ( PrintableExpr StmtPrintableExpr ) ; Stmt ",,," println "
," BlockStmt Stmt ",,," { "
," (null) ",,," } "
" StmtElse "," else BlockStmt "," (null) else "," id break continue if print println scan while { } "," else "
," (null) ",,," id break continue if print println scan while { } "
" StmtVar "," , Var StmtVar "," (null) , "," ) "," , "
," (null) ",,," ) "
" StmtPrintableExpr "," , PrintableExpr StmtPrintableExpr "," (null) , "," ) "," , "
," (null) ",,," ) "
" PrintableExpr "," string "," id num string ( + - "," ) , "," string "
," ArithExpr ",,," id num ( + - "
" ArithExpr "," ArithExprMD ArithExprASMore "," id num ( + - "," != && ) , ; < <= == > >= ] || "," id num ( + - "
" ArithExprMD "," ArithExprPN ArithExprMDMore "," id num ( + - "," != && ) + , - ; < <= == > >= ] || "," id num ( + - "
" ArithExprASMore "," + ArithExprMD ArithExprASMore "," (null) + - "," != && ) , ; < <= == > >= ] || "," + "
," - ArithExprMD ArithExprASMore ",,," - "
," (null) ",,," != && ) , ; < <= == > >= ] || "
" ArithExprPN "," + ArithExprBase "," id num ( + - "," != && ) * + , - / ; < <= == > >= ] || "," + "
," - ArithExprBase ",,," - "
," ArithExprBase ",,," id num ( "
" ArithExprBase "," num "," id num ( "," != && ) * + , - / ; < <= == > >= ] || "," num "
," Var ",,," id "
," ( ArithExpr ) ",,," ( "
" ArithExprMDMore "," * ArithExprPN ArithExprMDMore "," (null) * / "," != && ) + , - ; < <= == > >= ] || "," * "
," / ArithExprPN ArithExprMDMore ",,," / "
," (null) ",,," != && ) + , - ; < <= == > >= ] || "
" LogicExpr "," LogicExprAnd LogicExprOrMore "," id num ! ( + - [ "," ) ] "," id num ! ( + - [ "
" LogicExprAnd "," LogicExprTF LogicExprAndMore "," id num ! ( + - [ "," ) ] || "," id num ! ( + - [ "
" LogicExprOrMore "," || LogicExprAnd LogicExprOrMore "," (null) || "," ) ] "," || "
," (null) ",,," ) ] "
" LogicExprTF "," ! LogicExprBase "," id num ! ( + - [ "," && ) ] || "," ! "
," LogicExprBase ",,," id num ( + - [ "
" LogicExprBase "," ArithExpr LogicExprComp "," id num ( + - [ "," && ) ] || "," id num ( + - "
," [ LogicExpr ] ",,," [ "
" LogicExprAndMore "," && LogicExprTF LogicExprAndMore "," (null) && "," ) ] || "," && "
," (null) ",,," ) ] || "
" LogicExprComp "," > ArithExpr "," != < <= == > >= "," && ) ] || "," > "
," >= ArithExpr ",,," >= "
," < ArithExpr ",,," < "
," <= ArithExpr ",,," <= "
," == ArithExpr ",,," == "
," != ArithExpr ",,," != "
